Block Address Expanded,City,State
3500 NORTHEAST LOOP INTERSTATE 820,Fort Worth,TX
800 EAST LOOP INTERSTATE 820,Fort Worth,TX
4600 SOUTHWEST LOOP INTERSTATE 820,Fort Worth,TX
4800 SOUTHWEST LOOP INTERSTATE 820,Fort Worth,TX
5500 SOUTHWEST LOOP INTERSTATE 820,Fort Worth,TX
4700 SOUTHWEST LOOP INTERSTATE 820,Fort Worth,TX
3700 NORTHEAST LOOP INTERSTATE 820,Fort Worth,TX
3800 NORTHEAST LOOP INTERSTATE 820,Fort Worth,TX
5600 SOUTHWEST LOOP INTERSTATE 820,Fort Worth,TX
6000 SOUTHWEST LOOP INTERSTATE 820,Fort Worth,TX
1300 NORTHEAST LOOP INTERSTATE 820,Fort Worth,TX
5900 SOUTHWEST LOOP INTERSTATE 820,Fort Worth,TX
5700 SOUTHWEST LOOP INTERSTATE 820,Fort Worth,TX
4100 SOUTHWEST LOOP INTERSTATE 820,Fort Worth,TX
3200 NORTHEAST LOOP INTERSTATE 820,Fort Worth,TX
6200 CARSWELL ACCESS RD,Fort Worth,TX
1100 EAST LOOP INTERSTATE 820,Fort Worth,TX
2400 SOUTHEAST LOOP INTERSTATE 820,Fort Worth,TX
1000 NORTHEAST LOOP INTERSTATE 820,Fort Worth,TX
4500 SOUTHWEST LOOP INTERSTATE 820,Fort Worth,TX
100 EAST LOOP INTERSTATE 820,Fort Worth,TX
1400 VANDERBILT E,Fort Worth,TX
500 EAST LOOP INTERSTATE 820,Fort Worth,TX
2500 SOUTHWEST LOOP INTERSTATE 820,Fort Worth,TX
3600 HIGHWAY,Fort Worth,TX
3800 SOUTHWEST LOOP INTERSTATE 820,Fort Worth,TX
5000 AVE G,Fort Worth,TX
3300 AVE N,Fort Worth,TX
6100 SOUTHWEST LOOP INTERSTATE 820,Fort Worth,TX
1400 VANDERBILT W,Fort Worth,TX
8500 EAST FREEWAY,Fort Worth,TX
3500 AVE E,Fort Worth,TX
5800 SOUTHWEST LOOP INTERSTATE 820,Fort Worth,TX
5100 AVE G,Fort Worth,TX
3500 AVE N,Fort Worth,TX
3800 AIRPORT FW,Fort Worth,TX
5300 SOUTHWEST LOOP INTERSTATE 820,Fort Worth,TX
7400 MCCART AV,Fort Worth,TX
4200 AVE N,Fort Worth,TX
3700 AVE N,Fort Worth,TX
1500 NORTH SOUTH FW,Fort Worth,TX
4100 AVE N,Fort Worth,TX
100 30 INTERSTATE 35W,Fort Worth,TX
4000 AVE N,Fort Worth,TX
6100 OAKWAY LN,Fort Worth,TX
3100 SOUTHEAST LOOP INTERSTATE 820,Fort Worth,TX
4700 PLAYERS PK,Fort Worth,TX
5500 EAST LOOP INTERSTATE 820 820 SOUTH,Fort Worth,TX
5200 A ROBERSON BL,Fort Worth,TX
10500 SASLOW SK,Fort Worth,TX
2600 SOUTHWEST LOOP INTERSTATE 820,Fort Worth,TX
3700 SOUTHWEST LOOP INTERSTATE 820,Fort Worth,TX
6100 ZEPHYR WAY,Fort Worth,TX
3400 AVE E,Fort Worth,TX
6100 WRIGLEY WAY,Fort Worth,TX
500 SOUTHWEST LOOP INTERSTATE 820,Fort Worth,TX
7400 E SOUTH MEADOW DR,Fort Worth,TX
1400 AVE E,Fort Worth,TX
2700 AVE E,Fort Worth,TX
2900 SOUTHEAST LOOP INTERSTATE 820,Fort Worth,TX
6800 GREEN OAKS RD,Fort Worth,TX
2800 AVE E,Fort Worth,TX
300 EAST LOOP INTERSTATE 820,Fort Worth,TX
3900 HIGHWAY,Fort Worth,TX
10600 FLAGSTAFF RU,Fort Worth,TX
1400 NORTH SOUTH FW,Fort Worth,TX
1600 NORTH SOUTH FW,Fort Worth,TX
1800 NORTH SOUTH FW,Fort Worth,TX
6000 CARSWELL ACCESS RD,Fort Worth,TX
100 NORTHEAST LOOP INTERSTATE 820,Fort Worth,TX
2500 NORTHEAST LOOP INTERSTATE 820,Fort Worth,TX
3500 SOUTHWEST LOOP INTERSTATE 820,Fort Worth,TX
4400 SOUTHWEST LOOP INTERSTATE 820,Fort Worth,TX
4700 SOUTH RIDGE TE,Fort Worth,TX
4900 AVE G,Fort Worth,TX
3300 AVE G,Fort Worth,TX
3400 SOUTH HILLS AV,Fort Worth,TX
7300 SOUTH RIDGE TR,Fort Worth,TX
1700 EAST LOOP INTERSTATE 820,Fort Worth,TX
1800 NORTHEAST LOOP INTERSTATE 820,Fort Worth,TX
3400 AVE N,Fort Worth,TX
3900 AVE N,Fort Worth,TX
5000 LAGO BE,Fort Worth,TX
3100 AVE N,Fort Worth,TX
3900 SOUTHWEST LOOP INTERSTATE 820,Fort Worth,TX
100 EAST FREEWAY E INTERSTATE,Fort Worth,TX
2300 EAST LOOP INTERSTATE 820,Fort Worth,TX
6600 NORTHWEST LOOP INTERSTATE 820,Fort Worth,TX
10500 FLAGSTAFF RU,Fort Worth,TX
1300 S FORUM WAY,Fort Worth,TX
1700 NORTH SOUTH FW,Fort Worth,TX
2300 SOUTHEAST LOOP INTERSTATE 820,Fort Worth,TX
3600 AVE N,Fort Worth,TX
4200 MILLER AV,Fort Worth,TX
1000 EAST LOOP INTERSTATE 820,Fort Worth,TX
1900 AVE E,Fort Worth,TX
2800 SOUTHEAST LOOP INTERSTATE 820,Fort Worth,TX
3800 AVE N,Fort Worth,TX
4000 SOUTHWEST LOOP INTERSTATE 820,Fort Worth,TX
4200 SOUTH FW,Fort Worth,TX
700 EAST LOOP INTERSTATE 820,Fort Worth,TX
8600 EAST FREEWAY,Fort Worth,TX
10000 BULL RU,Fort Worth,TX
2000 EAST LOOP INTERSTATE 820,Fort Worth,TX
2700 SOUTHEAST LOOP INTERSTATE 820,Fort Worth,TX
3000 AVE N,Fort Worth,TX
7000 AVINGTON WAY,Fort Worth,TX
1000 STONE CHAPEL WAY,Fort Worth,TX
1400 NORTHEAST LOOP INTERSTATE 820,Fort Worth,TX
2500 SOUTHEAST LOOP INTERSTATE 820,Fort Worth,TX
1700 SOUTHWEST LOOP INTERSTATE 820,Fort Worth,TX
3000 SOUTHEAST LOOP INTERSTATE 820,Fort Worth,TX
3100 NORTHEAST LOOP INTERSTATE 820,Fort Worth,TX
3400 OUTLET BL,Fort Worth,TX
3500 SOUTH HILLS AV,Fort Worth,TX
3600 NORTHEAST LOOP INTERSTATE 820,Fort Worth,TX
400 MAIN ST,Fort Worth,TX
4300 AVE N,Fort Worth,TX
5000 EXPOSITION WAY,Fort Worth,TX
6500 NORMANDY RD,Fort Worth,TX
7400 ASHBOURNE WAY,Fort Worth,TX
8100 CALMONT AV,Fort Worth,TX
8400 BELLCHAISE DR,Fort Worth,TX
8700 HUNTERS POINT WAY,Fort Worth,TX
900 EAST LOOP INTERSTATE 820,Fort Worth,TX
100 20 INTERSTATE 35W,Fort Worth,TX
100 NORTHWEST LOOP INTERSTATE 820,Fort Worth,TX
1800 IM. TERRELL WAY,Fort Worth,TX
2100 E INTERSTATE 820 FW,Fort Worth,TX
2300 DOTTIE LYNN PK,Fort Worth,TX
2700 SOUTH MEADOW DR,Fort Worth,TX
5700 LIONFISH WAY,Fort Worth,TX
6100 RIVER POINT DR,Fort Worth,TX
6500 NORTHWEST LOOP INTERSTATE 820,Fort Worth,TX
8400 EAST FREEWAY,Fort Worth,TX
1900 SOUTHEAST LOOP INTERSTATE 820,Fort Worth,TX
2200 E INTERSTATE 820 FW,Fort Worth,TX
2500 EAST LOOP INTERSTATE 820,Fort Worth,TX
2500 NORTHWEST LOOP INTERSTATE 820,Fort Worth,TX
2800 LAS VEGAS TR,Fort Worth,TX
3600 AVE L,Fort Worth,TX
3600 TULSA WAY,Fort Worth,TX
3900 ANEWBY WAY,Fort Worth,TX
5600 DECORY RD,Fort Worth,TX
600 7 OLD HIGHWAY,Fort Worth,TX
7300 E SOUTH MEADOW DR,Fort Worth,TX
2100 EAST LOOP INTERSTATE 820 820 SOUTH,Fort Worth,TX
2100 SOUTHEAST LOOP INTERSTATE 820,Fort Worth,TX
2200 NORTHEAST LOOP INTERSTATE 820,Fort Worth,TX
2600 AVE G,Fort Worth,TX
2800 AVE J,Fort Worth,TX
3200 NORTHWEST LOOP INTERSTATE 820,Fort Worth,TX
3500 AVE H,Fort Worth,TX
3800 TULSA WAY,Fort Worth,TX
6000 WIMBLETON WAY,Fort Worth,TX
100 NORTH SOUTH FW,Fort Worth,TX
1100 NORTHEAST LOOP INTERSTATE 820,Fort Worth,TX
1200 NORTHEAST LOOP INTERSTATE 820,Fort Worth,TX
1200 S FORUM WAY,Fort Worth,TX
1200 SOUTHEAST LOOP INTERSTATE 820,Fort Worth,TX
1300 WIND STAR WAY,Fort Worth,TX
13900 HAMMER HE,Fort Worth,TX
1400 SHINY OAKS TRL,Fort Worth,TX
15000 SEVENTEEN LAKES BL,Fort Worth,TX
2200 NORTH SOUTH FW,Fort Worth,TX
2300 NORTHEAST LOOP INTERSTATE 820,Fort Worth,TX
2700 AVE H,Fort Worth,TX
2800 EAST LOOP INTERSTATE 820,Fort Worth,TX
3000 AVE K,Fort Worth,TX
3000 EAST LOOP INTERSTATE 820,Fort Worth,TX
3400 AVE M,Fort Worth,TX
3700 WILKIE WAY,Fort Worth,TX
3800 STAGHORN CIR N,Fort Worth,TX
4200 AVE M,Fort Worth,TX
4400 FOXFIRE WAY,Fort Worth,TX
4800 SALMON RUN WAY,Fort Worth,TX
5100 NORTH FREEWAY SERVICE ROAD,Fort Worth,TX
5500 TINKERBELL LN,Fort Worth,TX
6100 CARSWELL ACCESS RD,Fort Worth,TX
7000 E SOUTH MEADOW DR,Fort Worth,TX
800 E INTERSTATE 820 FW,Fort Worth,TX
8100 OAKMONT BL,Fort Worth,TX
9500 WILLOW BRANCH WAY,Fort Worth,TX
10100 BULL RU,Fort Worth,TX
10400 NORTH FREEWAY SERVICE ROAD,Fort Worth,TX
1700 GAINSBOROUGH WAY,Fort Worth,TX
1900 NORTHEAST LOOP INTERSTATE 820,Fort Worth,TX
200 N JIM WRIGHT FW,Fort Worth,TX
200 STOCKYARDS BL,Fort Worth,TX
2200 SOUTHEAST LOOP INTERSTATE 820,Fort Worth,TX
2300 EAST LOOP INTERSTATE 820 820 SOUTH,Fort Worth,TX
2800 AVE A,Fort Worth,TX
2800 AVE K,Fort Worth,TX
2800 NORTHWEST LOOP INTERSTATE 820,Fort Worth,TX
2900 EAST LOOP INTERSTATE 820 820 SOUTH,Fort Worth,TX
3000 LAS VEGAS TR,Fort Worth,TX
3100 SOUTHWEST LOOP INTERSTATE 820,Fort Worth,TX
3200 AVE N,Fort Worth,TX
3500 AVE J,Fort Worth,TX
3600 SOUTHWEST LOOP INTERSTATE 820,Fort Worth,TX
4000 VERNON WAY,Fort Worth,TX
4100 AVE H,Fort Worth,TX
4100 HIGHWAY,Fort Worth,TX
4500 BUTTERFLY WAY,Fort Worth,TX
4600 SOUTH RIDGE TE,Fort Worth,TX
4700 BOOTHBAY WAY,Fort Worth,TX
4800 MILLER AV,Fort Worth,TX
5000 GLEN PARK DR,Fort Worth,TX
5500 OURAY PA,Fort Worth,TX
7000 ASHBOURNE WAY,Fort Worth,TX
7100 E SOUTH MEADOW DR,Fort Worth,TX
7200 E SOUTH MEADOW DR,Fort Worth,TX
8200 CALMONT AV,Fort Worth,TX
8900 FORUM WAY,Fort Worth,TX
100 ALTAMESA INTERSTATE 35W N,Fort Worth,TX
14500 JFK BL,Fort Worth,TX
1600 EAST LOOP INTERSTATE 820,Fort Worth,TX
1600 WATERS ST,Fort Worth,TX
1900 SAN RAFAEL ST,Fort Worth,TX
200 PENNSYLVANIA AV,Fort Worth,TX
2100 NORTHWEST LOOP INTERSTATE 820,Fort Worth,TX
2100 S INTERSTATE 820 FW,Fort Worth,TX
2400 NORTHEAST LOOP INTERSTATE 820,Fort Worth,TX
2500 RODEO PL,Fort Worth,TX
2600 EAST LOOP INTERSTATE 820,Fort Worth,TX
2700 AVE G,Fort Worth,TX
2800 SOUTH HILLS AV,Fort Worth,TX
300 7 OLD HWY,Fort Worth,TX
3000 AVE E,Fort Worth,TX
3100 AVE J,Fort Worth,TX
3100 AVE L,Fort Worth,TX
3300 AVE K,Fort Worth,TX
3300 AVE M,Fort Worth,TX
3400 AVE G,Fort Worth,TX
3400 NORTHEAST LOOP INTERSTATE 820,Fort Worth,TX
3700 AVE G,Fort Worth,TX
3700 AVE K,Fort Worth,TX
3800 AVE H,Fort Worth,TX
3900 AVE J,Fort Worth,TX
4100 CUMBERLAND PA,Fort Worth,TX
4100 E AUDRAS WAY,Fort Worth,TX
4900 MELODYLANE ST,Fort Worth,TX
5400 RAMEY AV,Fort Worth,TX
5500 BONNELL AVE,Fort Worth,TX
5500 S OURAY PA,Fort Worth,TX
5700 REMINGTON CI,Fort Worth,TX
600 ADMIRALTY WAY,Fort Worth,TX
600 SOUTHWEST LOOP INTERSTATE 820,Fort Worth,TX
6900 SPRING VALLEY WAY,Fort Worth,TX
8000 DUSTY WAY,Fort Worth,TX
8600 CHELAN WAY,Fort Worth,TX
10200 WESTWARD DR,Fort Worth,TX
10600 COPPERWOOD LN,Fort Worth,TX
11000 FUMAR LN,Fort Worth,TX
1200 BARREL RU,Fort Worth,TX
1300 GAINSBOROUGH WAY,Fort Worth,TX
1400 EAST LOOP INTERSTATE 820,Fort Worth,TX
1800 SOUTHWEST LOOP INTERSTATE 820,Fort Worth,TX
1900 EAST LOOP INTERSTATE 820,Fort Worth,TX
200 NORTH SOUTH FW,Fort Worth,TX
2000 NORTHEAST LOOP INTERSTATE 820,Fort Worth,TX
2100 E INTERSTATE 820 FREEWAY S,Fort Worth,TX
2200 E INTERSTATE 820 FREEWAY,Fort Worth,TX
2300 NORTH SOUTH FW,Fort Worth,TX
2400 EAST LOOP INTERSTATE 820,Fort Worth,TX
2400 NORTHWEST LOOP INTERSTATE 820,Fort Worth,TX
2700 MEADERS AVE,Fort Worth,TX
2800 TRAVIS AVE,Fort Worth,TX
2900 SANTA FE TRL,Fort Worth,TX
2900 SOUTH HILLS AV,Fort Worth,TX
3000 AVE L,Fort Worth,TX
3000 FOREST AVE,Fort Worth,TX
3200 BONAVENTURE BL,Fort Worth,TX
3300 AVE H,Fort Worth,TX
3300 YUCCA AVE,Fort Worth,TX
3400 DEEN RD,Fort Worth,TX
3600 AVE J,Fort Worth,TX
3700 AVE M,Fort Worth,TX
400 7 OLD HIGHWAY,Fort Worth,TX
4100 DUNCAN WAY,Fort Worth,TX
4100 STAGHORN CIR N,Fort Worth,TX
4200 LONGMEADOW WAY,Fort Worth,TX
4200 SOUTHWEST LOOP INTERSTATE 820,Fort Worth,TX
4300 ROSEBRIAR WAY,Fort Worth,TX
4300 SOUTHWEST LOOP INTERSTATE 820,Fort Worth,TX
4700 WINEBERRY DR,Fort Worth,TX
4900 EXPOSITION WAY,Fort Worth,TX
4900 OBRIEN WAY,Fort Worth,TX
4900 SOUTH RIDGE TE,Fort Worth,TX
500 NORTH SOUTH FW,Fort Worth,TX
5200 MCCART AV,Fort Worth,TX
5200 SOUTHWEST LOOP INTERSTATE 820,Fort Worth,TX
5500 CURZON AVE,Fort Worth,TX
5500 DECORY RD,Fort Worth,TX
5900 DIRKS RD,Fort Worth,TX
6600 ROXANNE WAY,Fort Worth,TX
700 ADMIRALTY WAY,Fort Worth,TX
7000 NORTHWEST LOOP INTERSTATE 820,Fort Worth,TX
7100 ASHBOURNE WAY,Fort Worth,TX
800 E INTERSTATE 820 FREEWAY,Fort Worth,TX
8600 CALMONT AV,Fort Worth,TX
8700 SUMTER WAY,Fort Worth,TX
8800 FORUM WAY,Fort Worth,TX
900 CALHOUN ST,Fort Worth,TX
900 WEILER BL,Fort Worth,TX
100 ALTAMESA INTERSTATE 35W S,Fort Worth,TX
100 SOUTHEAST LOOP INTERSTATE 820,Fort Worth,TX
100 SOUTHWEST LOOP INTERSTATE 820,Fort Worth,TX
1000 ALCATEL LN,Fort Worth,TX
1000 WEST FREEWAY SERVICE ROAD,Fort Worth,TX
11000 VIEJO LN,Fort Worth,TX
1200 VERBENA ST,Fort Worth,TX
1300 EAST LOOP INTERSTATE 820,Fort Worth,TX
1300 PENNSYLVANIA AV,Fort Worth,TX
1400 S FORUM WAY,Fort Worth,TX
14100 GOLD SEEKER WAY,Fort Worth,TX
14300 CENTREPORT LANDING CI,Fort Worth,TX
14600 COTTAGEVIEW LN,Fort Worth,TX
14900 FAA BL,Fort Worth,TX
1600 FOUR SEASONS LN,Fort Worth,TX
1900 FOXFIELD WAY,Fort Worth,TX
200 FLORENCE ST,Fort Worth,TX
2200 JACKSBORO HW,Fort Worth,TX
2200 WEST LOOP INTERSTATE 820 820 NORTH,Fort Worth,TX
2300 EAST LOOP INTERSTATE 820 820 NORTH,Fort Worth,TX
2500 NW JIM WRIGHT FW,Fort Worth,TX
2600 NORTHEAST LOOP INTERSTATE 820,Fort Worth,TX
2700 EAST LOOP INTERSTATE 820 820 SOUTH,Fort Worth,TX
2700 SOUTHWEST LOOP INTERSTATE 820,Fort Worth,TX
300 NORTHEAST LOOP INTERSTATE 820,Fort Worth,TX
3000 NORTHEAST LOOP INTERSTATE 820,Fort Worth,TX
3000 NORTHWEST LOOP INTERSTATE 820,Fort Worth,TX
3100 AVE G,Fort Worth,TX
3200 SOUTH HILLS AV,Fort Worth,TX
3200 WEST LOOP INTERSTATE 820 820 SOUTH,Fort Worth,TX
3300 WEST FREEWAY SERVICE ROAD,Fort Worth,TX
3400 SPYGLASS WAY,Fort Worth,TX
3400 WALTON AVE,Fort Worth,TX
3500 FURLONG WAY,Fort Worth,TX
3500 SAINT VINCENT RD,Fort Worth,TX
3500 STONE CREEK WAY,Fort Worth,TX
3600 AVE G,Fort Worth,TX
3600 AVE H,Fort Worth,TX
3600 AVE K,Fort Worth,TX
3700 AVE H,Fort Worth,TX
3800 HUNTERS POINT WAY,Fort Worth,TX
3800 SOUTH HILLS CIR,Fort Worth,TX
3900 VERNON WAY,Fort Worth,TX
4300 LONGMEADOW WAY,Fort Worth,TX
4300 TRAIL LAKE DR,Fort Worth,TX
4500 WEST LOOP INTERSTATE 820 820 SOUTH,Fort Worth,TX
4600 WOLF RIDGE WAY,Fort Worth,TX
4700 SALMON RUN WAY,Fort Worth,TX
5200 ALTAIR BL,Fort Worth,TX
5400 CAMPUS DR,Fort Worth,TX
5400 S INTERSTATE 820 FW,Fort Worth,TX
6000 MELANIE DR,Fort Worth,TX
6400 WRIGLEY WAY,Fort Worth,TX
7100 SOUTH RIDGE TRL,Fort Worth,TX
7300 AVINGTON WAY,Fort Worth,TX
7300 NORTH FREEWAY SERVICE ROAD,Fort Worth,TX
7300 OLD MILL RU,Fort Worth,TX
7500 WHIRLWIND DR,Fort Worth,TX
7500 WYCLIFF ST,Fort Worth,TX
7700 WEST FREEWAY SERVICE ROAD,Fort Worth,TX
800 N JIM WRIGHT FW,Fort Worth,TX
800 TAYLOR ST,Fort Worth,TX
8500 MARIETTA CT,Fort Worth,TX
900 MOSAIC DR,Fort Worth,TX
100 BEACH NORTHEAST LOOP INTERSTATE 820,Fort Worth,TX
100 ENERGY WAY,Fort Worth,TX
100 SPUR 280 4TH,Fort Worth,TX
1000 HOUSTON ST,Fort Worth,TX
10000 WEST FREEWAY SERVICE ROAD,Fort Worth,TX
11000 OLD DENTON RD,Fort Worth,TX
11800 INDIAN PONY WAY,Fort Worth,TX
1300 SAND VERBENA WAY,Fort Worth,TX
1400 SOUTHEAST LOOP INTERSTATE 820,Fort Worth,TX
1500 AVE E,Fort Worth,TX
1500 CREEKSTONE CT,Fort Worth,TX
1500 N JIM WRIGHT FW,Fort Worth,TX
1600 CAROLINA RIDGE WAY,Fort Worth,TX
1600 NORTHEAST LOOP INTERSTATE 820,Fort Worth,TX
16600 WINDTHORST WAY,Fort Worth,TX
16800 PINERY WAY,Fort Worth,TX
200 7 OLD HIGHWAY,Fort Worth,TX
200 BERKSHIRE LN,Fort Worth,TX
200 BLEVINS ST,Fort Worth,TX
2000 N JIM WRIGHT FW,Fort Worth,TX
2000 SOUTHWEST LOOP INTERSTATE 820,Fort Worth,TX
2100 JACKSBORO HW,Fort Worth,TX
2100 NW JIM WRIGHT FW,Fort Worth,TX
2400 JACKSBORO HW,Fort Worth,TX
2400 LEE AVE,Fort Worth,TX
2400 MORESBY ST,Fort Worth,TX
2500 BOMAR AVE,Fort Worth,TX
2600 PRAIRIE AVE,Fort Worth,TX
2600 SOUTHEAST LOOP INTERSTATE 820,Fort Worth,TX
2700 AVE C,Fort Worth,TX
2800 SOUTHWEST LOOP INTERSTATE 820,Fort Worth,TX
2800 WEST LOOP INTERSTATE 820 820 SOUTH,Fort Worth,TX
2900 AVE I,Fort Worth,TX
2900 AVE K,Fort Worth,TX
3000 QUAIL RD,Fort Worth,TX
3100 MANSFIELD HW,Fort Worth,TX
3100 SONDRA DR,Fort Worth,TX
3200 AVE L,Fort Worth,TX
3200 STONEWALL LN,Fort Worth,TX
3300 NORTHEAST LOOP INTERSTATE 820,Fort Worth,TX
3300 SOUTH MEADOW DR,Fort Worth,TX
3300 VICKERY BL,Fort Worth,TX
3400 PARK HOLLOW,Fort Worth,TX
3500 AVE I,Fort Worth,TX
3500 PIONEER ST,Fort Worth,TX
3500 POND DR,Fort Worth,TX
3500 SUFFOLK DR,Fort Worth,TX
3600 OAK TREE CI,Fort Worth,TX
3600 TERRA CT,Fort Worth,TX
3600 WHITE BIRCH WAY,Fort Worth,TX
3800 S INTERSTATE 820 FW,Fort Worth,TX
3800 SOUTH HILLS CI,Fort Worth,TX
3900 HILLDALE RD,Fort Worth,TX
400 7 OLD HWY,Fort Worth,TX
400 STREAMS AND VALLEYS CIR,Fort Worth,TX
4000 GERMAN POINTER WAY,Fort Worth,TX
4100 5TH AVE,Fort Worth,TX
4200 AVE H,Fort Worth,TX
4300 PARK CREEK CIR N,Fort Worth,TX
4300 SANSOM PARK DR,Fort Worth,TX
4400 S INTERSTATE 820 FW,Fort Worth,TX
4400 WELLESLEY AVE,Fort Worth,TX
4500 FOXFIRE WAY,Fort Worth,TX
4500 REGALRIDGE DR,Fort Worth,TX
4600 MILLER AV,Fort Worth,TX
4600 VIRGIL ST,Fort Worth,TX
4700 RINCON WAY,Fort Worth,TX
4800 OLD MANSFIELD RD,Fort Worth,TX
4800 SOUTHWEST BLVD SERVICE ROAD,Fort Worth,TX
4900 S INTERSTATE 820 FW,Fort Worth,TX
500 STREAMS AND VALLEYS CIR,Fort Worth,TX
5000 CALMONT AVE,Fort Worth,TX
5000 WINESANKER WAY,Fort Worth,TX
5100 LIBERTY WAY,Fort Worth,TX
5400 WEST FREEWAY SERVICE ROAD,Fort Worth,TX
5500 ALTER DR,Fort Worth,TX
5500 LUBBOCK AVE,Fort Worth,TX
5600 FERNANDER DR,Fort Worth,TX
5800 EAST LOOP INTERSTATE 820 820 SOUTH,Fort Worth,TX
5800 LOCKE AVE,Fort Worth,TX
6000 WESTERN PA,Fort Worth,TX
6100 BIANCA CI,Fort Worth,TX
6200 MCCART AV,Fort Worth,TX
6400 NORTHWEST LOOP INTERSTATE 820,Fort Worth,TX
6700 NORTHWEST LOOP INTERSTATE 820,Fort Worth,TX
6700 SUNNYBANK DR,Fort Worth,TX
6800 BAY LINE DR,Fort Worth,TX
6900 MCCART AV,Fort Worth,TX
8100 WATERSIDE TRL,Fort Worth,TX
8300 ORLEANS LN,Fort Worth,TX
8300 WOODLAND WAY,Fort Worth,TX
8500 EAST FW,Fort Worth,TX
8600 TRACE RIDGE PK,Fort Worth,TX
8700 CALMONT AV,Fort Worth,TX
900 EAST LOOP INTERSTATE 820 820 SOUTH,Fort Worth,TX
900 WEST LOOP INTERSTATE 820 820 SOUTH,Fort Worth,TX
900 WESTERN PA,Fort Worth,TX
9200 RENEE CI,Fort Worth,TX
100 7 OLD HIGHWAY,Fort Worth,TX
100 BEACH ST,Fort Worth,TX
100 CHERRY INTERSTATE 30,Fort Worth,TX
1000 WEST LOOP INTERSTATE 820 820 SOUTH,Fort Worth,TX
1000 WOODLANDS CI,Fort Worth,TX
10300 LITTLE VALLEY RD,Fort Worth,TX
10400 ALTA VISTA RD,Fort Worth,TX
10800 N BEACH ST,Fort Worth,TX
1100 COLVIN AVE,Fort Worth,TX
1100 FOREST PARK BL,Fort Worth,TX
1100 KIRKWALL DR,Fort Worth,TX
1100 NORTH SOUTH FW,Fort Worth,TX
1100 ROPING REINS WAY,Fort Worth,TX
1200 INTERMODAL PK,Fort Worth,TX
1200 ROUND PEN RU,Fort Worth,TX
1200 WEST LOOP INTERSTATE 820 820 SOUTH,Fort Worth,TX
12500 FALABELLA WAY,Fort Worth,TX
12600 PANORAMA DR,Fort Worth,TX
1300 BARREL RU,Fort Worth,TX
1300 NICOLE WAY,Fort Worth,TX
13100 287 EXIT AVOND,Fort Worth,TX
1400 BARRON LN,Fort Worth,TX
1400 BURMEISTER RD,Fort Worth,TX
1400 WIND STAR WAY,Fort Worth,TX
14000 WRANGLER WAY,Fort Worth,TX
14600 TRINITY BL,Fort Worth,TX
1500 8TH AVE,Fort Worth,TX
1500 GAINSBOROUGH WAY,Fort Worth,TX
1500 HALL ST,Fort Worth,TX
1500 LAGONDA AVE,Fort Worth,TX
1500 WIND STAR WAY,Fort Worth,TX
15100 SEVENTEEN LAKES BL,Fort Worth,TX
1600 DESPERADO RD,Fort Worth,TX
1600 EVANS AV,Fort Worth,TX
1600 EVERMAN PK,Fort Worth,TX
1600 RIALTO WAY,Fort Worth,TX
1600 TEXAS ST,Fort Worth,TX
1600 WIND STAR WAY,Fort Worth,TX
16700 WINDTHORST WAY,Fort Worth,TX
1700 AVE E,Fort Worth,TX
1700 EAST LOOP INTERSTATE 820 820 SOUTH,Fort Worth,TX
1700 NORTHEAST LOOP INTERSTATE 820,Fort Worth,TX
1700 RIALTO WAY,Fort Worth,TX
1800 ANDREW AVE,Fort Worth,TX
1800 MANOR RIDGE WAY,Fort Worth,TX
1900 S INTERSTATE 820 FW,Fort Worth,TX
2100 WEST FREEWAY SERVICE ROAD,Fort Worth,TX
2200 ALSTON AVE,Fort Worth,TX
2200 DOTTIE LYNN PK,Fort Worth,TX
2200 GRACE AVE,Fort Worth,TX
2200 WEST FREEWAY SERVICE ROAD,Fort Worth,TX
2300 NORTHWEST LOOP INTERSTATE 820,Fort Worth,TX
2300 SOUTHWEST LOOP INTERSTATE 820,Fort Worth,TX
2400 AZLE AV,Fort Worth,TX
2400 OAK HILL CI,Fort Worth,TX
2400 S OTERO PA,Fort Worth,TX
2400 SOUTHWEST LOOP INTERSTATE 820,Fort Worth,TX
2400 VILLAGE CREEK RD,Fort Worth,TX
2500 E INTERSTATE 820 FREEWAY N,Fort Worth,TX
2500 E LANCASTER AVE,Fort Worth,TX
2700 8TH AV,Fort Worth,TX
2700 AVE J,Fort Worth,TX
2700 PRIMROSE AVE,Fort Worth,TX
2800 N AUDRAS WAY,Fort Worth,TX
2800 S AUDRAS WAY,Fort Worth,TX
2800 STARK ST,Fort Worth,TX
2800 WALTON AV,Fort Worth,TX
2900 AVE H,Fort Worth,TX
2900 AVE L,Fort Worth,TX
2900 EAST LOOP INTERSTATE 820,Fort Worth,TX
2900 GUNNISON TR,Fort Worth,TX
2900 TRAVIS AV,Fort Worth,TX
300 ALTAMESA BL,Fort Worth,TX
300 FREEDOM WAY,Fort Worth,TX
300 SOUTHWEST LOOP INTERSTATE 820,Fort Worth,TX
300 WEST LOOP INTERSTATE 820 820 NORTH,Fort Worth,TX
3000 AVE J,Fort Worth,TX
3000 BILGLADE RD,Fort Worth,TX
3100 CROUCH AVE,Fort Worth,TX
3100 WESLEY ST,Fort Worth,TX
3200 MERIDA AVE,Fort Worth,TX
3200 SOUTHWEST LOOP INTERSTATE 820,Fort Worth,TX
3300 AVE E,Fort Worth,TX
3300 BONAVENTURE BL,Fort Worth,TX
3400 AVE L,Fort Worth,TX
3400 MARQUITA DR,Fort Worth,TX
3400 RIVERPARK DR,Fort Worth,TX
3400 RYAN AVE,Fort Worth,TX
3400 SOUTHWEST LOOP INTERSTATE 820,Fort Worth,TX
3500 WAYSIDE AVE,Fort Worth,TX
3600 AVE E,Fort Worth,TX
3600 HWY,Fort Worth,TX
3600 SILVERADO TRL,Fort Worth,TX
3700 AVE L,Fort Worth,TX
3700 DECATUR AV,Fort Worth,TX
3700 GLASSENBERRY ST,Fort Worth,TX
3700 LOIS ST,Fort Worth,TX
3700 SOUTH HILLS AV,Fort Worth,TX
3800 AVE J,Fort Worth,TX
3800 FORBES ST,Fort Worth,TX
3800 GROVER AVE,Fort Worth,TX
3800 TOWNSEND DR,Fort Worth,TX
3800 WEST FREEWAY SERVICE ROAD,Fort Worth,TX
3900 AVE M,Fort Worth,TX
3900 WEDGWAY DR,Fort Worth,TX
400 KENCHESTER WAY,Fort Worth,TX
4000 AVE H,Fort Worth,TX
4000 HARDEMAN ST,Fort Worth,TX
4100 AVE G,Fort Worth,TX
4100 STONE HOLLOW WAY,Fort Worth,TX
4200 AVE G,Fort Worth,TX
4200 DEERING DR,Fort Worth,TX
4200 HUNTERS CREEK DR,Fort Worth,TX
4300 MONTECITO LN,Fort Worth,TX
4300 PANOLA AVE,Fort Worth,TX
4300 VALENTINE ST,Fort Worth,TX
4400 AVE N,Fort Worth,TX
4400 BAYLOR ST,Fort Worth,TX
4400 SOUTHBEND DR,Fort Worth,TX
4600 AVE H,Fort Worth,TX
4600 AVE M,Fort Worth,TX
4600 COOL RIDGE CT,Fort Worth,TX
4600 LEEWARD LN,Fort Worth,TX
4700 BARWICK DR,Fort Worth,TX
4700 E LANCASTER AVE,Fort Worth,TX
4700 FOXFIRE WAY,Fort Worth,TX
4700 WELLESLEY AV,Fort Worth,TX
4800 BARNETT ST,Fort Worth,TX
4800 S HULEN ST,Fort Worth,TX
4800 SOUTH RIDGE TE,Fort Worth,TX
4900 FITZHUGH AVE,Fort Worth,TX
4900 RONDO DR,Fort Worth,TX
4900 SOUTHWEST LOOP INTERSTATE 820,Fort Worth,TX
500 BLUE HAZE DR,Fort Worth,TX
500 CONSTELLATION CT,Fort Worth,TX
500 N JIM WRIGHT FREEWAY,Fort Worth,TX
5000 LYNDON DR,Fort Worth,TX
5000 MONARDA WAY,Fort Worth,TX
5000 SOUTHWEST LOOP INTERSTATE 820,Fort Worth,TX
5000 TOWNSEND DR,Fort Worth,TX
5000 WALDEN AVE,Fort Worth,TX
5100 RONDO DR,Fort Worth,TX
5200 KALTENBRUN RD,Fort Worth,TX
5200 WONDER DR,Fort Worth,TX
5400 FLAMINGO RD,Fort Worth,TX
5500 LASTER RD,Fort Worth,TX
5500 NAFEX WAY,Fort Worth,TX
5700 BRIDGE ST,Fort Worth,TX
6200 WRIGLEY WAY,Fort Worth,TX
6300 TRAIL LAKE DR,Fort Worth,TX
6400 CAMP BOWIE ACCESS,Fort Worth,TX
6400 CANYON CIR,Fort Worth,TX
6700 CALMONT AV,Fort Worth,TX
6900 EAGLE ROCK DR,Fort Worth,TX
700 FOREST PARK BL,Fort Worth,TX
700 SOUTHEAST LOOP INTERSTATE 820,Fort Worth,TX
700 VERNA TRL N,Fort Worth,TX
7000 STRAWBERRY WAY,Fort Worth,TX
7200 OLD MILL RU,Fort Worth,TX
7200 OVERHILL RD,Fort Worth,TX
7300 MADEIRA DR,Fort Worth,TX
7400 MC CART AVE,Fort Worth,TX
7500 SECRETARIAT CT,Fort Worth,TX
7600 HOLLOW FOREST DR,Fort Worth,TX
7600 LAWNSBERRY DR,Fort Worth,TX
7800 NORTHWEST LOOP INTERSTATE 820,Fort Worth,TX
800 E INTERSTATE 820 FREEWAY N,Fort Worth,TX
800 ELMWOOD AVE,Fort Worth,TX
800 FAIRVIEW ST,Fort Worth,TX
8000 BUTTERCUP CIR S,Fort Worth,TX
8000 HOSTA WAY,Fort Worth,TX
8100 LEAD CIR,Fort Worth,TX
8200 BOAT CLUB RD,Fort Worth,TX
8500 MIAMI SPRINGS DR,Fort Worth,TX
8600 MARIETTA CT,Fort Worth,TX
8900 FLYING RANCH RD,Fort Worth,TX
8900 WATERCRESS DR,Fort Worth,TX
900 NORTHTON ST,Fort Worth,TX
100 20 CAMPUS,Fort Worth,TX
1000 BESSIE ST,Fort Worth,TX
1000 BROWN DR,Fort Worth,TX
1000 NORTHWEST LOOP INTERSTATE 820,Fort Worth,TX
10300 OLD DENTON RD,Fort Worth,TX
10300 POINT LOBOS TRL,Fort Worth,TX
10500 ELK HOLLOW DR,Fort Worth,TX
10500 WINDING PASSAGE WAY,Fort Worth,TX
10900 RIPPLING BROOK WAY,Fort Worth,TX
1100 HAYNES AVE,Fort Worth,TX
1100 NORTH WAY DR,Fort Worth,TX
1100 VICKI LN,Fort Worth,TX
11000 CALDWELL LN,Fort Worth,TX
11800 RIVER VIEW WAY,Fort Worth,TX
1200 FAIRMOUNT AVE,Fort Worth,TX
1200 MARION AVE,Fort Worth,TX
12700 CEDAR HOLLOW DR,Fort Worth,TX
12800 CAMPOLINA WAY,Fort Worth,TX
12800 SINGLETON DR,Fort Worth,TX
1300 WILLOW GLEN CI,Fort Worth,TX
13200 MOONLAKE WAY,Fort Worth,TX
13300 AUSTIN STONE DR,Fort Worth,TX
13700 CANYON RANCH RD,Fort Worth,TX
13800 TRINITY BL,Fort Worth,TX
1400 ALAMO BELL WAY,Fort Worth,TX
1400 GAINSBOROUGH WAY,Fort Worth,TX
14300 FAA BL,Fort Worth,TX
14400 JFK BL,Fort Worth,TX
14800 NORTH FREEWAY SERVICE ROAD,Fort Worth,TX
1500 COLEMAN AVE,Fort Worth,TX
1500 E PRESIDIO ST,Fort Worth,TX
1500 HOLT ST,Fort Worth,TX
1500 JACKSBORO HW,Fort Worth,TX
1500 NORTH CREST CT,Fort Worth,TX
1500 NORTHEAST LOOP INTERSTATE 820,Fort Worth,TX
1500 PAMELA LN,Fort Worth,TX
15500 YARBERRY DR,Fort Worth,TX
1600 ALAMO BELL WAY,Fort Worth,TX
1600 AVE E,Fort Worth,TX
1600 BELMONT AVE,Fort Worth,TX
1600 CLOVER LN,Fort Worth,TX
1600 DANIEL ST,Fort Worth,TX
1600 DILLARD ST,Fort Worth,TX
1600 EAST FREEWAY,Fort Worth,TX
1600 SUMMIT AV,Fort Worth,TX
1600 WASHINGTON AV,Fort Worth,TX
16300 RED RIVER LN,Fort Worth,TX
16300 VICTORY CIR E,Fort Worth,TX
16400 VICTORY CIR W,Fort Worth,TX
1700 EVANS AVE,Fort Worth,TX
1700 LAGONDA AVE,Fort Worth,TX
1700 NORTHWEST LOOP INTERSTATE 820,Fort Worth,TX
1800 BOMAR AV,Fort Worth,TX
1800 CRESTED BUTTE DR,Fort Worth,TX
1800 GAINSBOROUGH WAY,Fort Worth,TX
1800 SKYLINE DR,Fort Worth,TX
1800 VERA AVE,Fort Worth,TX
1900 AVE D,Fort Worth,TX
1900 EPHRIHAM AV,Fort Worth,TX
1900 WATERS ST,Fort Worth,TX
1900 WILLOW PARK DR,Fort Worth,TX
1900 WURZBURG DR,Fort Worth,TX
1900 YUCCA AV,Fort Worth,TX
200 7 OLD HWY,Fort Worth,TX
200 BRANDIES ST,Fort Worth,TX
200 CHASMIER WAY,Fort Worth,TX
200 EAST LOOP INTERSTATE 820,Fort Worth,TX
200 SHUMER SHUFFLE DR,Fort Worth,TX
2000 MARIGOLD AVE,Fort Worth,TX
2000 MISTLETOE BL,Fort Worth,TX
2000 SOUTH FREEWAY SERVICE ROAD,Fort Worth,TX
2000 WEST LOOP INTERSTATE 820 820 SOUTH,Fort Worth,TX
2100 BURNSIDE DR,Fort Worth,TX
2100 LAUGHLIN RD,Fort Worth,TX
2200 S INTERSTATE 820 FW,Fort Worth,TX
2200 WATSON ST,Fort Worth,TX
2300 GOULD AVE,Fort Worth,TX
2300 MALL CIR,Fort Worth,TX
2300 PROSPECT AVE,Fort Worth,TX
2300 SPRUCE SPRINGS WAY,Fort Worth,TX
2400 COLTER CT,Fort Worth,TX
2400 COLUMBUS AVE,Fort Worth,TX
2400 NOTTINGHAM BL,Fort Worth,TX
2500 AVE G,Fort Worth,TX
2500 CAROLINA DR,Fort Worth,TX
2500 EPHRIHAM AV,Fort Worth,TX
2500 GOLDEN TRIANGLE BL,Fort Worth,TX
2500 GRAND GULF RD,Fort Worth,TX
2500 JACKSBORO HW,Fort Worth,TX
2500 STADIUM DR,Fort Worth,TX
2600 AVE H,Fort Worth,TX
2600 CREEKWOOD LN,Fort Worth,TX
2600 GREENE AVE,Fort Worth,TX
2600 NORTHWEST LOOP INTERSTATE 820,Fort Worth,TX
2600 NW JIM WRIGHT FREEWAY,Fort Worth,TX
2600 PROSPECT AVE,Fort Worth,TX
2600 QUINN ST,Fort Worth,TX
2600 TIMBERLINE DR,Fort Worth,TX
2700 AZLE AV,Fort Worth,TX
2700 CANBERRA CT,Fort Worth,TX
2700 EAST LOOP INTERSTATE 820,Fort Worth,TX
2700 EMILY DR,Fort Worth,TX
2700 GALEMEADOW DR,Fort Worth,TX
2700 NORTHWEST LOOP INTERSTATE 820,Fort Worth,TX
2700 SAGEHILL DR,Fort Worth,TX
2700 SHELTER GROVE RD,Fort Worth,TX
2700 STALCUP RD,Fort Worth,TX
2700 ZOOLOGICAL PARK DR,Fort Worth,TX
2800 AUDRAS WAY S,Fort Worth,TX
2800 AVE I,Fort Worth,TX
2800 BURCHILL RD,Fort Worth,TX
2800 N INTERSTATE 820 FW,Fort Worth,TX
2800 WESTWIND CI,Fort Worth,TX
2900 DEEN RD,Fort Worth,TX
2900 HALBERT ST,Fort Worth,TX
2900 HOLLOW VALLEY DR,Fort Worth,TX
2900 MEADOWGLEN CI,Fort Worth,TX
300 HURST BL,Fort Worth,TX
3000 AVE H,Fort Worth,TX
3000 AVE I,Fort Worth,TX
3000 AVE M,Fort Worth,TX
3000 SOUTH FW,Fort Worth,TX
3000 SOUTHWEST LOOP INTERSTATE 820,Fort Worth,TX
3100 ALTA VIEW ST,Fort Worth,TX
3100 AVE M,Fort Worth,TX
3100 BRYAN AVE,Fort Worth,TX
3100 DAMON AVE,Fort Worth,TX
3100 EAST FREEWAY,Fort Worth,TX
3100 HUNTER ST,Fort Worth,TX
3100 MCCART AV,Fort Worth,TX
3100 SYCAMORE SCHOOL RD,Fort Worth,TX
3200 CANBERRA CT,Fort Worth,TX
3200 E LANCASTER AVE,Fort Worth,TX
3200 KATHY LN,Fort Worth,TX
3200 LAWNWOOD ST,Fort Worth,TX
3200 LUBBOCK AVE,Fort Worth,TX
3200 STRONG AVE,Fort Worth,TX
3300 AVE J,Fort Worth,TX
3300 BONNIE DR,Fort Worth,TX
3300 LAUREL VALLEY WAY,Fort Worth,TX
3300 PORTALES DR,Fort Worth,TX
3300 SYDNEY ST,Fort Worth,TX
3400 AVE C,Fort Worth,TX
3400 AVE D,Fort Worth,TX
3400 AVE I,Fort Worth,TX
3400 AVE K,Fort Worth,TX
3400 CONWAY ST,Fort Worth,TX
3400 HIGHLAWN TER,Fort Worth,TX
3400 S JIM WRIGHT FW,Fort Worth,TX
3400 WHITTIER ST,Fort Worth,TX
3500 5TH AVE,Fort Worth,TX
3500 AVE L,Fort Worth,TX
3500 AVE M,Fort Worth,TX
3500 BANDERA RANCH RD,Fort Worth,TX
3500 CRENSHAW AVE,Fort Worth,TX
3500 FOSSIL PARK DR,Fort Worth,TX
3500 KIMBO RD,Fort Worth,TX
3600 CRENSHAW AV,Fort Worth,TX
3600 HAMILTON AVE,Fort Worth,TX
3600 S INTERSTATE 820 FW,Fort Worth,TX
3600 SMOKE TREE TRL,Fort Worth,TX
3600 SOUTH HILLS AV,Fort Worth,TX
3700 AVE I,Fort Worth,TX
3700 AVE J,Fort Worth,TX
3700 BRIGHT ST,Fort Worth,TX
3700 CANDACE DR,Fort Worth,TX
3700 CAROLYN RD,Fort Worth,TX
3700 COVE MEADOW LN,Fort Worth,TX
3700 FORBES ST,Fort Worth,TX
3700 GROVER AVE,Fort Worth,TX
3700 HULEN PARK CI,Fort Worth,TX
3700 LAWNDALE AVE,Fort Worth,TX
3800 AVE M,Fort Worth,TX
3800 BEE TREE LN,Fort Worth,TX
3800 E INTERSTATE 820 FREEWAY S,Fort Worth,TX
3800 IRISH SETTER DR,Fort Worth,TX
3800 LOST CREEK BL,Fort Worth,TX
3800 RADFORD RD,Fort Worth,TX
3800 WG. DANIELS DR,Fort Worth,TX
3900 AVE H,Fort Worth,TX
3900 COUNTRY LN,Fort Worth,TX
3900 MANTIS ST,Fort Worth,TX
3900 RINGDOVE WAY,Fort Worth,TX
400 NORTHWEST LOOP INTERSTATE 820,Fort Worth,TX
400 NW JIM WRIGHT FW,Fort Worth,TX
4000 CALMONT AV,Fort Worth,TX
4000 CARLSBAD WAY,Fort Worth,TX
4000 FRAZIER AVE,Fort Worth,TX
4000 WEST LOOP INTERSTATE 820 820 SOUTH,Fort Worth,TX
4100 ALAMO AVE,Fort Worth,TX
4100 BLUE MOUND RD,Fort Worth,TX
4100 EAST FREEWAY,Fort Worth,TX
4100 LISBON ST,Fort Worth,TX
4100 TOWNSEND DR,Fort Worth,TX
4200 APPLEYARD DR,Fort Worth,TX
4200 AVE J,Fort Worth,TX
4200 BRADY DR,Fort Worth,TX
4200 INSURANCE LN,Fort Worth,TX
4200 SWEETGUM WAY,Fort Worth,TX
4200 WINFIELD AVE,Fort Worth,TX
4300 COCKRELL AVE,Fort Worth,TX
4300 E BERRY ST,Fort Worth,TX
4300 QUAILS LN,Fort Worth,TX
4400 COCKRELL AVE,Fort Worth,TX
4400 E INTERSTATE 820 FREEWAY S,Fort Worth,TX
4400 FLETCHER AVE,Fort Worth,TX
4400 GATEWAY PARK DR,Fort Worth,TX
4500 CAREY ST,Fort Worth,TX
4500 NAUTILUS CI,Fort Worth,TX
4500 SUMMERBROOK CIR,Fort Worth,TX
4500 TRUELAND DR,Fort Worth,TX
4600 ANGELINA WAY,Fort Worth,TX
4600 MONASTERY DR,Fort Worth,TX
4600 PARKMOUNT DR,Fort Worth,TX
4600 S INTERSTATE 820 FW,Fort Worth,TX
4600 WEST LOOP INTERSTATE 820 820 SOUTH,Fort Worth,TX
4700 AUBURN RIDGE DR,Fort Worth,TX
4700 BRYANT IRVIN CT,Fort Worth,TX
4700 HORNE ST,Fort Worth,TX
4700 LOWELL LN,Fort Worth,TX
4700 MEADOWBROOK DR,Fort Worth,TX
4700 NAVAJO WAY,Fort Worth,TX
4700 SCOTS BRIAR LN,Fort Worth,TX
4800 APPLEWOOD RD,Fort Worth,TX
4800 CHAPMAN ST,Fort Worth,TX
4800 E INTERSTATE 820 FREEWAY S,Fort Worth,TX
4800 LOWELL LN,Fort Worth,TX
4800 SUMMER OAKS LN,Fort Worth,TX
4800 WELLESLEY AV,Fort Worth,TX
4900 WILD OATS DR,Fort Worth,TX
500 CATHERINE ST,Fort Worth,TX
500 FLINT ST,Fort Worth,TX
500 S JIM WRIGHT FW,Fort Worth,TX
5000 FAIRFAX ST,Fort Worth,TX
5000 MARTIN LUTHER KING FW,Fort Worth,TX
5000 MOSSON RD,Fort Worth,TX
5000 NORTHFORK RD,Fort Worth,TX
5000 OVERTON RIDGE CI,Fort Worth,TX
5100 MAYAN RANCH RD,Fort Worth,TX
5100 NORTH BRANCH DR,Fort Worth,TX
5100 PAMELA DR,Fort Worth,TX
5100 TURTLE CREEK CT,Fort Worth,TX
5200 APPALACHIAN WAY,Fort Worth,TX
5200 THISTLE DR,Fort Worth,TX
5300 CONROY ST,Fort Worth,TX
5300 GOLDEN TRIANGLE BL,Fort Worth,TX
5300 MOSSON RD,Fort Worth,TX
5300 TURNER ST,Fort Worth,TX
5400 BIG FORK RD,Fort Worth,TX
5400 NORTH FREEWAY SERVICE ROAD,Fort Worth,TX
5400 TINKERBELL LN,Fort Worth,TX
5500 MAC ARTHUR DR,Fort Worth,TX
5500 NORTH FREEWAY SERVICE ROAD,Fort Worth,TX
5500 TRAIL LAKE DR,Fort Worth,TX
5500 WEST FREEWAY SERVICE ROAD,Fort Worth,TX
5700 BIRCHMAN AVE,Fort Worth,TX
5800 FAIRGLEN AVE,Fort Worth,TX
5800 HOUGHTON AVE,Fort Worth,TX
5800 LINCOLN MEADOWS CI,Fort Worth,TX
5800 NORTH FREEWAY SERVICE ROAD,Fort Worth,TX
5800 RICKENBACKER PL,Fort Worth,TX
5800 WELLESLEY AVE,Fort Worth,TX
5900 FAIRGLEN AV,Fort Worth,TX
5900 HELMICK AVE,Fort Worth,TX
600 FLINT ST,Fort Worth,TX
600 N NORTH SOUTH FREEWAY SERVICE ROAD,Fort Worth,TX
600 WEST LOOP INTERSTATE 820 820 SOUTH,Fort Worth,TX
6000 LAKE WORTH BL,Fort Worth,TX
6000 LUCAS CT,Fort Worth,TX
6100 E INTERSTATE 820 FREEWAY S,Fort Worth,TX
6100 NW JIM WRIGHT FW,Fort Worth,TX
6200 EAST FREEWAY,Fort Worth,TX
6200 PERSHING AV,Fort Worth,TX
6200 SPRING BUCK RU,Fort Worth,TX
6300 EAST FREEWAY,Fort Worth,TX
6300 PINIONPARK WAY,Fort Worth,TX
6300 WICHITA ST,Fort Worth,TX
6400 TRAIL LAKE DR,Fort Worth,TX
6400 WINIFRED DR,Fort Worth,TX
6500 NW JIM WRIGHT FW,Fort Worth,TX
6500 SOUTHWEST LOOP INTERSTATE 820,Fort Worth,TX
6500 WRIGLEY WAY,Fort Worth,TX
6800 EGAN WAY,Fort Worth,TX
6800 MIDDLE RD,Fort Worth,TX
6800 VALLEY CREEK DR,Fort Worth,TX
6800 WOODWAY DR,Fort Worth,TX
6900 GREEN OAKS RD,Fort Worth,TX
6900 N BEACH ST,Fort Worth,TX
6900 SHERIDAN RD,Fort Worth,TX
6900 TREEHAVEN RD,Fort Worth,TX
700 ADOLPHUS CIR,Fort Worth,TX
700 BRIDGEWOOD CIR,Fort Worth,TX
7000 SANDYBROOK DR,Fort Worth,TX
7000 TERRA CHASE CV,Fort Worth,TX
7000 TREEHAVEN RD,Fort Worth,TX
7000 WOODMOOR RD,Fort Worth,TX
7100 OLD MILL RU,Fort Worth,TX
7200 MIDWAY RD,Fort Worth,TX
7200 PARK WEST CI,Fort Worth,TX
7300 EAST FREEWAY,Fort Worth,TX
7300 STRAWBERRY WAY,Fort Worth,TX
7400 SNOW RIDGE DR,Fort Worth,TX
7400 WILL ROGERS BL,Fort Worth,TX
7500 BLUE SAGE CIR,Fort Worth,TX
7500 EAST FREEWAY,Fort Worth,TX
7500 LOVE CIR,Fort Worth,TX
7500 WEST FREEWAY SERVICE ROAD,Fort Worth,TX
7600 INDIGO RIDGE DR,Fort Worth,TX
7700 FOREST HILL DR,Fort Worth,TX
7700 PORTMAN AVE,Fort Worth,TX
7800 JARVIS WAY,Fort Worth,TX
7900 EAST FREEWAY,Fort Worth,TX
7900 PARKWOOD HILL BL,Fort Worth,TX
800 CURRIE ST,Fort Worth,TX
800 TENNESSEE AVE,Fort Worth,TX
8100 BERKSHIRE DR,Fort Worth,TX
8100 FOX CHASE DR,Fort Worth,TX
8300 BIG HORN WAY,Fort Worth,TX
8300 HORSE WHISPER LN,Fort Worth,TX
8400 BANGOR DR,Fort Worth,TX
8400 BIG HORN WAY,Fort Worth,TX
8400 CALMONT AV,Fort Worth,TX
8500 CROWLEY RD,Fort Worth,TX
8600 HAWKVIEW DR,Fort Worth,TX
8600 RAY WHITE RD,Fort Worth,TX
8700 ELBE TRL,Fort Worth,TX
8800 BRUSHY CREEK TRL,Fort Worth,TX
8900 SHARPVIEW DR,Fort Worth,TX
900 30 EXIT HENDER,Fort Worth,TX
900 MEACHAM BL,Fort Worth,TX
900 NEWBERRY TRL,Fort Worth,TX
900 SAMUELS AVE,Fort Worth,TX
9000 MILL VALLEY CI,Fort Worth,TX
9000 OLD CLYDESDALE DR,Fort Worth,TX
9000 SUNRIDGE CI,Fort Worth,TX
9000 TIERRA VERDE DR,Fort Worth,TX
9100 OLD CLYDESDALE DR,Fort Worth,TX
9200 ODEUM DR,Fort Worth,TX
9500 SOUTH FREEWAY SERVICE ROAD,Fort Worth,TX
9600 SANTA MONICA DR,Fort Worth,TX
9600 WILLOW BRANCH WAY,Fort Worth,TX
9700 SANTA CLARA DR,Fort Worth,TX
9900 CARAVELLE CT,Fort Worth,TX
N BEACH ST CHESSER BOYER RD,Fort Worth,TX
100 28TH INTERSTATE 35W,Fort Worth,TX
100 E INTERSTATE 820 FREEWAY,Fort Worth,TX
100 E INTERSTATE 820 FW,Fort Worth,TX
100 ISBELL RD,Fort Worth,TX
100 RIVERSIDE INTERSTATE 30 E,Fort Worth,TX
100 S JIM WRIGHT FW,Fort Worth,TX
100 SHUMER SHUFFLE DR,Fort Worth,TX
1000 ALSTON AV,Fort Worth,TX
1000 BARCLAY AVE,Fort Worth,TX
1000 E INTERSTATE 820 FREEWAY N,Fort Worth,TX
1000 EAGLE RIDGE DR,Fort Worth,TX